galaxy,r,vobs,errv,vn,v_v6,v_mond,v_K_compact_finite,v_K_scale_tail_spiral,v_K_exponential_disk,v_K_thick_flared,W_warp,K_z,K_EC,K_lag,K_wvo,wvo_attenuation,delta_v2_wvo,v_wvo_endpoint,endpoint_scores_allowed,claim_boundary,K_full_time_morph_phase,phase_load_source_frozen,A_full_time_morph_phase_km2_s2,v2_full_time_morphology_km2_s2,v_full_time_morphology_km_s,construction_used_vobs,endpoint_validation_claim,full_time_claim_boundary,r_plot_kpc,vobs_plot_km_s,err_plot_km_s,v_carrier_plot_km_s,v_base_plot_km_s,base_column,carrier_column,kernel_column,source_status,projection_kernel,projection_attenuation,delta_v2_projection,v_projection_accepted,mixed_kernel,mixed_attenuation,v_mixed_population,scoring_used_vobs,split,x_R_over_RHI,r_kpc,x_w_formula_freeze,kernel_warp_history,lambda_w_km2_s2,delta_v2_warp_history_km2_s2,v_warp_history_formula_freeze_km_s,residual_vn,residual_v_v6,residual_v_mond,residual_v_K_compact_finite,residual_v_K_scale_tail_spiral,residual_v_K_exponential_disk,residual_v_K_thick_flared,residual_v_warp_history_formula_freeze_km_s,v2_ratio_min,v2_ratio_max,v_null_control_interval_min_km_s,v_null_control_interval_max_km_s,v_null_control_interval_midpoint_km_s,null_control_formula_id,null_control_interval_distance_km_s,inside_null_control_interval,point_selected_from_residual
NGC4013,5.49,198.0,10.0,160.10672977735825,193.76211597911944,197.47638698193927,194.5280388386365,194.0971832524612,191.80368826958824,192.9386609825046,0.0,0.3033194879448775,0.3533568904593639,1.0,0.0,0.0,0.0,193.76211597911944,True,ngc4013_warp_vertical_overlay_caveated_preliminary_endpoint,0.0,0.18,116.69476536078693,37543.75758870573,193.76211597911944,False,False,full_time_morphology_kernel_trial_diagnostic_not_endpoint_validation,5.49,198.0,10.0,193.76211597911944,193.76211597911944,v_wvo_endpoint,v_v6,K_wvo,warp_vertical_overlay,,,,,,,,,,,,,,,,,,,,,,,,,,,,,,,,,
NGC4013,6.17,195.0,5.0,164.22333147272346,200.50158514555804,204.2874906511374,201.43614747520735,200.88130638869575,198.32853834825613,199.57511570895264,0.0,0.2792246512176745,0.3271537622682661,0.9314814814814816,0.0,0.0,0.0,200.50158514555804,True,ngc4013_warp_vertical_overlay_caveated_preliminary_endpoint,0.0,0.18,116.69476536078693,40200.88564588146,200.50158514555804,False,False,full_time_morphology_kernel_trial_diagnostic_not_endpoint_validation,6.17,195.0,5.0,200.50158514555804,200.50158514555804,v_wvo_endpoint,v_v6,K_wvo,warp_vertical_overlay,,,,,,,,,,,,,,,,,,,,,,,,,,,,,,,,,
NGC4013,6.92,194.0,4.0,166.28152191389157,205.5400356321617,209.32801015818936,206.6862694276128,205.96847551484936,203.12773712277055,204.49803026525183,0.0,0.256731267631333,0.3024193548387097,0.7925925925925925,0.0,0.0,0.0,205.5400356321617,True,ngc4013_warp_vertical_overlay_caveated_preliminary_endpoint,0.0,0.18,116.69476536078693,42246.7062476703,205.5400356321617,False,False,full_time_morphology_kernel_trial_diagnostic_not_endpoint_validation,6.92,194.0,4.0,205.5400356321617,205.5400356321617,v_wvo_endpoint,v_v6,K_wvo,warp_vertical_overlay,,,,,,,,,,,,,,,,,,,,,,,,,,,,,,,,,
NGC4013,7.69,195.0,3.0,166.75022479744968,209.0779704538197,212.81051655041065,210.46878439433553,209.55467765552712,206.42370377605764,207.91814429332825,0.0,0.2371202913662112,0.2806361085126286,0.6499999999999999,0.0,0.0,0.0,209.0779704538197,True,ngc4013_warp_vertical_overlay_caveated_preliminary_endpoint,0.0,0.18,116.69476536078693,43713.5977290883,209.0779704538197,False,False,full_time_morphology_kernel_trial_diagnostic_not_endpoint_validation,7.69,195.0,3.0,209.0779704538197,209.0779704538197,v_wvo_endpoint,v_v6,K_wvo,warp_vertical_overlay,,,,,,,,,,,,,,,,,,,,,,,,,,,,,,,,,
NGC4013,8.36,195.0,3.0,165.5469037161372,210.59636344323175,214.2240530294019,212.22734835044616,211.11470008506663,207.7285083067463,209.33213536389343,0.0,0.2223419422625301,0.2640845070422535,0.5259259259259259,0.0,0.0,0.0,210.59636344323175,True,ngc4013_warp_vertical_overlay_caveated_preliminary_endpoint,0.0,0.18,116.69476536078693,44350.82829551376,210.59636344323175,False,False,full_time_morphology_kernel_trial_diagnostic_not_endpoint_validation,8.36,195.0,3.0,210.59636344323175,210.59636344323175,v_wvo_endpoint,v_v6,K_wvo,warp_vertical_overlay,,,,,,,,,,,,,,,,,,,,,,,,,,,,,,,,,
NGC4013,9.12,195.0,3.0,162.65998592155356,210.8277887587793,214.2827639583525,212.76527025368551,211.39317772075023,207.71347802333844,209.4427459357969,0.0,0.2076610946673783,0.2475247524752475,0.3851851851851852,0.0,0.0,0.0,210.8277887587793,True,ngc4013_warp_vertical_overlay_caveated_preliminary_endpoint,0.0,0.18,116.69476536078693,44448.35651291646,210.8277887587793,False,False,full_time_morphology_kernel_trial_diagnostic_not_endpoint_validation,9.12,195.0,3.0,210.8277887587793,210.8277887587793,v_wvo_endpoint,v_v6,K_wvo,warp_vertical_overlay,,,,,,,,,,,,,,,,,,,,,,,,,,,,,,,,,
NGC4013,9.88,192.0,7.0,157.09293873373176,208.51382680035871,211.70998287138536,210.81082269105707,209.1298738133695,205.1281224025808,206.9963464368703,0.0,0.194798867857523,0.2329192546583851,0.2444444444444442,0.0,0.0,0.0,208.51382680035871,True,ngc4013_warp_vertical_overlay_caveated_preliminary_endpoint,0.0,0.18,116.69476536078693,43478.01596692999,208.51382680035871,False,False,full_time_morphology_kernel_trial_diagnostic_not_endpoint_validation,9.88,192.0,7.0,208.51382680035871,208.51382680035871,v_wvo_endpoint,v_v6,K_wvo,warp_vertical_overlay,,,,,,,,,,,,,,,,,,,,,,,,,,,,,,,,,
NGC4013,10.56,188.0,8.0,149.88698652651604,204.28531305430064,207.1938359584078,206.960921900581,204.95143463454,200.62679480125385,202.63542562073312,0.4500740740740751,0.1845702256352477,0.2212389380530973,0.1185185185185183,0.0786620986935533,0.0170276591147892,-710.6065989120689,202.53859516344423,True,ngc4013_warp_vertical_overlay_caveated_preliminary_endpoint,0.42489467081128723,0.18,116.69476536078693,41071.46551469493,202.66096198995734,False,False,full_time_morphology_kernel_trial_diagnostic_not_endpoint_validation,10.56,188.0,8.0,204.28531305430064,202.53859516344423,v_wvo_endpoint,v_v6,K_wvo,warp_vertical_overlay,,,,,,,,,,,,,,,,,,,,,,,,,,,,,,,,,
NGC4013,11.31,186.0,7.0,142.82472363004942,200.2125416781364,202.8697712552352,203.3402166258217,200.93077553792332,196.26751667383303,198.42241811076124,1.0,0.1744661830044522,0.2096436058700209,0.0,0.128036596291491,0.0277155523699251,-1110.9796308228688,197.4185457711525,True,ngc4013_warp_vertical_overlay_caveated_preliminary_endpoint,0.74098153892902,0.18,116.69476536078693,39060.55088121863,197.63742277518858,False,False,full_time_morphology_kernel_trial_diagnostic_not_endpoint_validation,11.31,186.0,7.0,200.2125416781364,197.4185457711525,v_wvo_endpoint,v_v6,K_wvo,warp_vertical_overlay,,,,,,,,,,,,,,,,,,,,,,,,,,,,,,,,,
NGC4013,12.08,186.0,6.0,136.64702814185165,196.7834014689962,199.26624437577357,200.40858594380708,197.5508001274736,192.5660400612335,194.8585805329439,1.0,0.1651823639833695,0.1989389920424403,0.0,0.1213737853419366,0.0262732812447003,-1017.3988473103892,194.1811222709297,True,ngc4013_warp_vertical_overlay_caveated_preliminary_endpoint,0.7474452378219925,0.18,116.69476536078693,37793.53119304543,194.4055842640469,False,False,full_time_morphology_kernel_trial_diagnostic_not_endpoint_validation,12.08,186.0,6.0,196.7834014689962,194.1811222709297,v_wvo_endpoint,v_v6,K_wvo,warp_vertical_overlay,,,,,,,,,,,,,,,,,,,,,,,,,,,,,,,,,
NGC4013,12.77,186.0,5.0,131.95662726820507,194.3078525883512,196.70336068454304,198.4052036508328,195.1153083623937,189.86753096942363,192.27152792928104,1.0,0.1576642814755454,0.1902346227013316,0.0,0.1159663013922923,0.0251027455624279,-947.767753791566,191.85352179124797,True,ngc4013_warp_vertical_overlay_caveated_preliminary_endpoint,0.7506012286365791,0.18,116.69476536078693,36895.36505796012,192.0816624718771,False,False,full_time_morphology_kernel_trial_diagnostic_not_endpoint_validation,12.77,186.0,5.0,194.3078525883512,191.85352179124797,v_wvo_endpoint,v_v6,K_wvo,warp_vertical_overlay,,,,,,,,,,,,,,,,,,,,,,,,,,,,,,,,,
NGC4013,13.47,185.0,6.0,128.01845327920503,192.40532223782853,194.77196905544645,197.0028760649589,193.24906395317367,187.76268228285903,190.26650918464424,1.0,0.1507056797581336,0.1821493624772313,0.0,0.1109516807451216,0.0240172513741447,-889.1140351696376,190.08075649647705,True,ngc4013_warp_vertical_overlay_caveated_preliminary_endpoint,0.7518775306220159,0.18,116.69476536078693,36218.434162288984,190.31141364166518,False,False,full_time_morphology_kernel_trial_diagnostic_not_endpoint_validation,13.47,185.0,6.0,192.40532223782853,190.08075649647705,v_wvo_endpoint,v_v6,K_wvo,warp_vertical_overlay,,,,,,,,,,,,,,,,,,,,,,,,,,,,,,,,,
NGC4013,14.17,180.0,10.0,124.4767450972269,190.73034471993145,193.116130875659,195.85530720849235,191.60745568351868,185.90179958008932,188.4964229201895,1.0,0.1443353575911997,0.17472335468841,0.0,0.1063529040932032,0.023021773215356,-837.4875485609809,188.5220858372379,True,ngc4013_warp_vertical_overlay_caveated_preliminary_endpoint,0.7516592237658387,0.18,116.69476536078693,35628.29154517152,188.7545801965386,False,False,full_time_morphology_kernel_trial_diagnostic_not_endpoint_validation,14.17,180.0,10.0,190.73034471993145,188.5220858372379,v_wvo_endpoint,v_v6,K_wvo,warp_vertical_overlay,,,,,,,,,,,,,,,,,,,,,,,,,,,,,,,,,
NGC4013,14.98,163.0,8.0,120.73355693426744,188.96011858782455,191.4219639897805,194.73095355212436,189.87273505501437,183.93465723569017,186.62442248263207,1.0,0.1376047808827655,0.1668520578420467,0.0,0.1014856129082707,0.0219681708263284,-784.3938910349243,186.87303851997964,True,ngc4013_warp_vertical_overlay_caveated_preliminary_endpoint,0.7513196004914772,0.18,116.69476536078693,35009.207590180114,187.10747604032318,False,False,full_time_morphology_kernel_trial_diagnostic_not_endpoint_validation,14.98,163.0,8.0,188.96011858782455,186.87303851997964,v_wvo_endpoint,v_v6,K_wvo,warp_vertical_overlay,,,,,,,,,,,,,,,,,,,,,,,,,,,,,,,,,
NGC4013,15.68,162.0,6.0,117.54869276176576,187.33128715477463,189.9039745094725,193.69821942604457,188.2731728188716,182.14469072788967,184.91180117338172,1.0,0.1322742805483241,0.1605995717344753,0.0,0.0976246174275998,0.0211323971058137,-741.5994471985177,185.34133834594513,True,ngc4013_warp_vertical_overlay_caveated_preliminary_endpoint,0.7541753298425425,0.18,116.69476536078693,34439.42001302298,185.5786087161529,False,False,full_time_morphology_kernel_trial_diagnostic_not_endpoint_validation,15.68,162.0,6.0,187.33128715477463,185.34133834594513,v_wvo_endpoint,v_v6,K_wvo,warp_vertical_overlay,,,,,,,,,,,,,,,,,,,,,,,,,,,,,,,,,
NGC4013,16.37,164.0,5.0,114.53626268566649,185.7225326397423,188.44406453744952,192.70977605821355,186.69171249311248,180.3872514854677,183.2251590700704,1.0,0.1274092403950865,0.1548786783686112,0.0,0.0940959729212325,0.0203685660259214,-702.5700786146554,183.82135091306856,True,ngc4013_warp_vertical_overlay_caveated_preliminary_endpoint,0.7598440582556372,0.18,116.69476536078693,33878.95887559442,184.06237767559784,False,False,full_time_morphology_kernel_trial_diagnostic_not_endpoint_validation,16.37,164.0,5.0,185.7225326397423,183.82135091306856,v_wvo_endpoint,v_v6,K_wvo,warp_vertical_overlay,,,,,,,,,,,,,,,,,,,,,,,,,,,,,,,,,
NGC4013,17.19,166.0,5.0,111.23102503348603,183.93291338243915,186.87628269379215,191.6952124563503,184.93198957558744,178.437487552436,181.3506918512564,1.0,0.1220734707138991,0.1485884101040119,0.0,0.0902206269393036,0.0195296859117609,-660.7149876744588,182.1279814791714,True,ngc4013_warp_vertical_overlay_caveated_preliminary_endpoint,0.769899378839548,0.18,116.69476536078693,33260.444865042504,182.37446330295944,False,False,full_time_morphology_kernel_trial_diagnostic_not_endpoint_validation,17.19,166.0,5.0,183.93291338243915,182.1279814791714,v_wvo_endpoint,v_v6,K_wvo,warp_vertical_overlay,,,,,,,,,,,,,,,,,,,,,,,,,,,,,,,,,
NGC4013,17.88,166.0,5.0,108.57719751402684,182.43308067325452,185.59961425638457,190.8830473805322,183.4557770049871,176.8136873444035,179.78455174086594,1.0,0.117918080729327,0.1436781609195402,0.0,0.087198747216289,0.0188755521082649,-628.2128961120798,180.7031157114401,True,ngc4013_warp_vertical_overlay_caveated_preliminary_endpoint,0.7808100774933037,0.18,116.69476536078693,32744.732476606525,180.9550565101913,False,False,full_time_morphology_kernel_trial_diagnostic_not_endpoint_validation,17.88,166.0,5.0,182.43308067325452,180.7031157114401,v_wvo_endpoint,v_v6,K_wvo,warp_vertical_overlay,,,,,,,,,,,,,,,,,,,,,,,,,,,,,,,,,
NGC4013,18.58,166.0,5.0,106.10852274911755,181.03902172900663,184.45838501038313,190.21427007067007,182.08364943725195,175.30754378945133,178.32968440231886,1.0,0.1139818973110079,0.139017608897127,0.0,0.0843331687360449,0.0182552521882442,-598.3182159806493,179.37895409611207,True,ngc4013_warp_vertical_overlay_caveated_preliminary_endpoint,0.7938240635609688,0.18,116.69476536078693,32269.444285450074,179.63697917035367,False,False,full_time_morphology_kernel_trial_diagnostic_not_endpoint_validation,18.58,166.0,5.0,181.03902172900663,179.37895409611207,v_wvo_endpoint,v_v6,K_wvo,warp_vertical_overlay,,,,,,,,,,,,,,,,,,,,,,,,,,,,,,,,,
NGC4013,19.39,166.0,5.0,103.59573070353817,179.67369927722612,183.40823268630876,189.7167729931556,180.7406791845039,173.8325793787291,176.90351771444534,1.0,0.1097429451476593,0.1339883876730683,0.0,0.0812437776069092,0.0175865044699293,-567.7387612158018,178.0867750585295,True,ngc4013_warp_vertical_overlay_caveated_preliminary_endpoint,0.8108855894915683,0.18,116.69476536078693,31809.52555434745,178.35225132962984,False,False,full_time_morphology_kernel_trial_diagnostic_not_endpoint_validation,19.39,166.0,5.0,179.67369927722612,178.0867750585295,v_wvo_endpoint,v_v6,K_wvo,warp_vertical_overlay,,,,,,,,,,,,,,,,,,,,,,,,,,,,,,,,,
NGC4013,20.09,168.0,5.0,101.5419823028879,178.5247125807357,182.554765024668,189.35041704844485,179.60950884120132,172.59991275571903,175.70729607726915,1.0,0.1063257170006533,0.1299263750541359,0.0,0.0787506973515964,0.0170468376998034,-543.3010087842667,176.99653102038477,True,ngc4013_warp_vertical_overlay_caveated_preliminary_endpoint,0.8269718072199364,0.18,116.69476536078693,31424.27527425354,177.26893488215453,False,False,full_time_morphology_kernel_trial_diagnostic_not_endpoint_validation,20.09,168.0,5.0,178.5247125807357,176.99653102038477,v_wvo_endpoint,v_v6,K_wvo,warp_vertical_overlay,,,,,,,,,,,,,,,,,,,,,,,,,,,,,,,,,
NGC4013,20.79,172.0,5.0,99.55126980606526,177.3594781033363,181.7067042856233,189.00067067875963,178.46105638521166,171.35928091267954,174.49888564328168,1.0,0.103114876805675,0.1261034047919293,0.0,0.0764060938658681,0.0165393110818083,-520.2669283093674,175.8866610768948,True,ngc4013_warp_vertical_overlay_caveated_preliminary_endpoint,0.8439417109045715,0.18,116.69476536078693,31034.60112471065,176.16640180440382,False,False,full_time_morphology_kernel_trial_diagnostic_not_endpoint_validation,20.79,172.0,5.0,177.3594781033363,175.8866610768948,v_wvo_endpoint,v_v6,K_wvo,warp_vertical_overlay,,,,,,,,,,,,,,,,,,,,,,,,,,,,,,,,,
NGC4013,21.48,173.0,5.0,97.796003650456,176.36856723715874,181.0365942502915,188.83466873913684,177.48466862553715,170.30786868417567,173.47207402072914,1.0,0.1001342068906519,0.1225490196078431,0.0,0.074227742166165,0.016067772300226,-499.8020606113314,174.94590434953557,True,ngc4013_warp_vertical_overlay_caveated_preliminary_endpoint,0.8612037030747075,0.18,116.69476536078693,30706.567412734992,175.23289477930504,False,False,full_time_morphology_kernel_trial_diagnostic_not_endpoint_validation,21.48,173.0,5.0,176.36856723715874,174.94590434953557,v_wvo_endpoint,v_v6,K_wvo,warp_vertical_overlay,,,,,,,,,,,,,,,,,,,,,,,,,,,,,,,,,
NGC4013,22.3,171.0,5.0,96.00005505206754,175.43812498052307,180.4893007070894,188.8315162381465,176.5686263477145,169.32469142600044,172.5082202840156,1.0,0.0968085974328697,0.1185770750988142,0.0,0.0717952241772279,0.0155412151933838,-478.33584659937696,174.06952590870767,True,ngc4013_warp_vertical_overlay_caveated_preliminary_endpoint,0.8819640764796719,0.18,116.69476536078693,30403.12044104369,174.36490599040764,False,False,full_time_morphology_kernel_trial_diagnostic_not_endpoint_validation,22.3,171.0,5.0,175.43812498052307,174.06952590870767,v_wvo_endpoint,v_v6,K_wvo,warp_vertical_overlay,,,,,,,,,,,,,,,,,,,,,,,,,,,,,,,,,
NGC4013,22.99,170.0,5.0,94.6452644351528,174.77284378590178,180.150326660186,187.82418617953763,175.91366184308376,168.62762328577182,171.82098096917036,1.0,0.0941767086627128,0.1154290111581377,0.0,0.0698685732736168,0.0151241610419596,-461.9757708086035,173.4461621201306,True,ngc4013_warp_vertical_overlay_caveated_preliminary_endpoint,0.8992756916904311,0.18,116.69476536078693,30188.5119200391,173.74841559001078,False,False,full_time_morphology_kernel_trial_diagnostic_not_endpoint_validation,22.99,170.0,5.0,174.77284378590178,173.4461621201306,v_wvo_endpoint,v_v6,K_wvo,warp_vertical_overlay,,,,,,,,,,,,,,,,,,,,,,,,,,,,,,,,,
NGC4013,23.69,172.0,5.0,93.46625128890106,174.27639796507236,179.9803547810016,186.98878842787852,175.42559556120383,168.1128141365287,171.30903790031638,1.0,0.0916489815009202,0.1124016485575121,0.0,0.0680168766861441,0.0147233319412978,-447.18090830367873,172.9886758703488,True,ngc4013_warp_vertical_overlay_caveated_preliminary_endpoint,0.9163568109558916,0.18,116.69476536078693,30032.016022417854,173.2974784075575,False,False,full_time_morphology_kernel_trial_diagnostic_not_endpoint_validation,23.69,172.0,5.0,174.27639796507236,172.9886758703488,v_wvo_endpoint,v_v6,K_wvo,warp_vertical_overlay,,,,,,,,,,,,,,,,,,,,,,,,,,,,,,,,,
NGC4013,24.39,173.0,5.0,92.66651471810084,174.19300287431352,180.19633943618277,186.55813846194056,175.34697454374137,168.03323074778044,171.2208888114309,1.0,0.0892533972868629,0.1095290251916757,0.0,0.0662608074928462,0.0143432029070859,-435.2187067278137,172.93924812963303,True,ngc4013_warp_vertical_overlay_caveated_preliminary_endpoint,0.93264247316757,0.18,116.69476536078693,30016.818038214577,173.25362344901933,False,False,full_time_morphology_kernel_trial_diagnostic_not_endpoint_validation,24.39,173.0,5.0,174.19300287431352,172.93924812963303,v_wvo_endpoint,v_v6,K_wvo,warp_vertical_overlay,,,,,,,,,,,,,,,,,,,,,,,,,,,,,,,,,
NGC4013,25.2,176.0,5.0,91.64455232036435,173.92830425976595,180.2974853817498,185.92582115926876,175.08785240319585,167.77493046132264,170.951968649084,1.0,0.0866330761858673,0.1063829787234042,0.0,0.0643386849697572,0.0139271289954614,-421.3103455496348,172.7128966728544,True,ngc4013_warp_vertical_overlay_caveated_preliminary_endpoint,0.9500952505224626,0.18,116.69476536078693,29940.615819458202,173.03356847576774,False,False,full_time_morphology_kernel_trial_diagnostic_not_endpoint_validation,25.2,176.0,5.0,173.92830425976595,172.7128966728544,v_wvo_endpoint,v_v6,K_wvo,warp_vertical_overlay,,,,,,,,,,,,,,,,,,,,,,,,,,,,,,,,,
NGC4013,25.9,178.0,5.0,90.40273292329164,173.2079020093131,179.9421148191226,184.93687564562023,174.37471570300883,167.04847364614773,170.2226876980032,1.0,0.084489468249486,0.1038062283737024,0.0,0.0627652322077295,0.0135865301847253,-407.6091839086221,172.0272307937298,True,ngc4013_warp_vertical_overlay_caveated_preliminary_endpoint,0.9636391101120819,0.18,116.69476536078693,29705.81977440619,172.35376344717915,False,False,full_time_morphology_kernel_trial_diagnostic_not_endpoint_validation,25.9,178.0,5.0,173.2079020093131,172.0272307937298,v_wvo_endpoint,v_v6,K_wvo,warp_vertical_overlay,,,,,,,,,,,,,,,,,,,,,,,,,,,,,,,,,
NGC4013,26.59,180.0,6.0,89.18344829619451,172.4563937072638,179.56079574004715,183.9371431791141,173.62999369634989,166.29482646635972,169.464463497887,1.0,0.0824778299427495,0.1013856032443393,0.0,0.0612878110623629,0.0132667189408086,-394.56824392094495,171.30860890975046,True,ngc4013_warp_vertical_overlay_caveated_preliminary_endpoint,0.9752982232513527,0.18,116.69476536078693,29460.451683912943,171.640472161763,False,False,full_time_morphology_kernel_trial_diagnostic_not_endpoint_validation,26.59,180.0,6.0,172.4563937072638,171.30860890975046,v_wvo_endpoint,v_v6,K_wvo,warp_vertical_overlay,,,,,,,,,,,,,,,,,,,,,,,,,,,,,,,,,
NGC4013,27.41,180.0,8.0,87.74860380655637,171.5219150399405,179.07802015464898,182.72664183871623,172.703088867776,165.3626480720491,168.5245758355302,1.0,0.0802083229874081,0.0986517592897073,0.0,0.0596200274257051,0.0129057007158454,-379.6827124065312,170.4115155339041,True,ngc4013_warp_vertical_overlay_caveated_preliminary_endpoint,0.9865989754100405,0.18,116.69476536078693,29155.2155625027,170.74898407458446,False,False,full_time_morphology_kernel_trial_diagnostic_not_endpoint_validation,27.41,180.0,8.0,171.5219150399405,170.4115155339041,v_wvo_endpoint,v_v6,K_wvo,warp_vertical_overlay,,,,,,,,,,,,,,,,,,,,,,,,,,,,,,,,,
NGC4013,28.1,180.0,5.0,86.52238421356637,170.66250076795836,178.61202156456392,181.65208970416148,171.84995414607027,164.50738139490986,167.66188315568866,1.0,0.0783931923760068,0.0964630225080385,0.0,0.0582854049613484,0.0126168005117135,-367.4730100035413,169.58247597664638,True,ngc4013_warp_vertical_overlay_caveated_preliminary_endpoint,0.9936555507153615,0.18,116.69476536078693,28874.17055971002,169.9240140760276,False,False,full_time_morphology_kernel_trial_diagnostic_not_endpoint_validation,28.1,180.0,5.0,170.66250076795836,169.58247597664638,v_wvo_endpoint,v_v6,K_wvo,warp_vertical_overlay,,,,,,,,,,,,,,,,,,,,,,,,,,,,,,,,,
NGC4013,28.8,180.0,5.0,85.39209723387755,169.89535169493118,178.2383983221232,180.6712954089033,171.08793931710352,163.75260085389442,166.89551388319933,1.0,0.0766338196041565,0.0943396226415094,0.0,0.0569911474152219,0.0123366379344596,-356.09002860268083,168.8441307802604,True,ngc4013_warp_vertical_overlay_caveated_preliminary_endpoint,0.9982478889256641,0.18,116.69476536078693,28624.83080211176,169.18874313059885,False,False,full_time_morphology_kernel_trial_diagnostic_not_endpoint_validation,28.8,180.0,5.0,169.89535169493118,168.8441307802604,v_wvo_endpoint,v_v6,K_wvo,warp_vertical_overlay,,,,,,,,,,,,,,,,,,,,,,,,,,,,,,,,,
NGC4013,29.61,178.0,5.0,84.15713475398267,169.05393355663907,177.85249257296894,179.59281149657815,170.25153189481784,162.93214452413204,166.05845036887328,1.0,0.0746940397551459,0.0919963201471941,0.0,0.05556345330078,0.012027590895229,-343.73931601995355,168.03420227725243,True,ngc4013_warp_vertical_overlay_caveated_preliminary_endpoint,1.0,0.18,116.69476536078693,28352.187900313373,168.38107940120045,False,False,full_time_morphology_kernel_trial_diagnostic_not_endpoint_validation,29.61,178.0,5.0,169.05393355663907,168.03420227725243,v_wvo_endpoint,v_v6,K_wvo,warp_vertical_overlay,,,,,,,,,,,,,,,,,,,,,,,,,,,,,,,,,
NGC4013,30.31,174.0,5.0,83.25187103002551,168.50388313856828,177.68029451319774,178.83804477664282,169.70407116166675,162.4107431432425,165.51744754587497,1.0,0.0730950958345691,0.0900630441308916,0.0,0.0543860466551536,0.0117727225490473,-334.269487963782,167.50907182840126,True,ngc4013_warp_vertical_overlay_caveated_preliminary_endpoint,0.9981524507607424,0.18,116.69476536078693,28175.768310848314,167.85639192729099,False,False,full_time_morphology_kernel_trial_diagnostic_not_endpoint_validation,30.31,174.0,5.0,168.50388313856828,167.50907182840126,v_wvo_endpoint,v_v6,K_wvo,warp_vertical_overlay,,,,,,,,,,,,,,,,,,,,,,,,,,,,,,,,,
NGC4013,31.01,170.0,10.0,81.92052642653123,167.34136167387393,176.96614568962613,177.51504765763414,168.54807637470952,161.2571155215835,164.35467161382297,1.0,0.0715631730616255,0.0882093501911202,0.0,0.0532575077509152,0.0115284324007001,-322.83220650970543,166.3739736868618,True,ngc4013_warp_vertical_overlay_caveated_preliminary_endpoint,0.9929321956770241,0.18,116.69476536078693,27796.169109950286,166.72183153369653,False,False,full_time_morphology_kernel_trial_diagnostic_not_endpoint_validation,31.01,170.0,10.0,167.34136167387393,166.3739736868618,v_wvo_endpoint,v_v6,K_wvo,warp_vertical_overlay,,,,,,,,,,,,,,,,,,,,,,,,,,,,,,,,,
NGC5907,5.03,214.0,6.0,126.46604781521404,161.6229909937617,164.37400251901263,,,,160.71239656097794,,,,,,,,,True,ngc5907_projection_accepted_endpoint_preliminary_control,0.0,0.12,116.74597385113914,26121.991217769577,161.6229909937617,False,False,full_time_morphology_kernel_trial_diagnostic_not_endpoint_validation,5.03,214.0,6.0,161.6229909937617,161.6229909937617,v_projection_accepted,v_v6,projection_kernel,edgeon_projection_vertical_warp,0.0,0.0,0.0,161.6229909937617,,,,,,,,,,,,,,,,,,,,,,,,,,,,,
NGC5907,7.55,220.0,6.0,146.66101748590182,190.6306834445936,193.73030876776076,,,,189.6354546571411,,,,,,,,,True,ngc5907_projection_accepted_endpoint_preliminary_control,0.0,0.12,116.74597385113914,36340.05747055285,190.6306834445936,False,False,full_time_morphology_kernel_trial_diagnostic_not_endpoint_validation,7.55,220.0,6.0,190.6306834445936,190.6306834445936,v_projection_accepted,v_v6,projection_kernel,edgeon_projection_vertical_warp,0.0,0.0,0.0,190.6306834445936,,,,,,,,,,,,,,,,,,,,,,,,,,,,,
NGC5907,10.07,235.0,4.0,160.5556657362175,212.26654213448657,215.55701860167673,,,,211.31267922240076,,,,,,,,,True,ngc5907_projection_accepted_endpoint_preliminary_control,0.0,0.12,116.74597385113914,45057.08490973176,212.26654213448657,False,False,full_time_morphology_kernel_trial_diagnostic_not_endpoint_validation,10.07,235.0,4.0,212.26654213448657,212.26654213448657,v_projection_accepted,v_v6,projection_kernel,edgeon_projection_vertical_warp,0.0,0.0,0.0,212.26654213448657,,,,,,,,,,,,,,,,,,,,,,,,,,,,,
NGC5907,12.58,235.0,4.0,165.48979711752625,224.6834576868467,227.91606160968783,,,,223.80561301823397,,,,,,,,,True,ngc5907_projection_accepted_endpoint_preliminary_control,0.0,0.12,116.74597385113914,50482.65615811703,224.6834576868467,False,False,full_time_morphology_kernel_trial_diagnostic_not_endpoint_validation,12.58,235.0,4.0,224.6834576868467,224.6834576868467,v_projection_accepted,v_v6,projection_kernel,edgeon_projection_vertical_warp,0.0,0.0,0.0,224.6834576868467,,,,,,,,,,,,,,,,,,,,,,,,,,,,,
NGC5907,15.1,230.0,2.0,160.7081856969333,227.36393445306896,230.32301879850743,,,,226.55870348992232,,,,,,,,,True,ngc5907_projection_accepted_endpoint_preliminary_control,0.014028574547405982,0.12,116.74597385113914,51534.17140747622,227.01139047958853,False,False,full_time_morphology_kernel_trial_diagnostic_not_endpoint_validation,15.1,230.0,2.0,227.36393445306896,227.0077831878875,v_projection_accepted,v_v6,projection_kernel,edgeon_projection_vertical_warp,0.0457756535360066,0.0031304201503105,-161.82506210049905,227.0077831878875,,,,,,,,,,,,,,,,,,,,,,,,,,,,,
NGC5907,17.61,231.0,2.0,156.73541798202473,229.85745315937857,232.6989805415634,,,,229.13630006727564,,,,,,,,,True,ngc5907_projection_accepted_endpoint_preliminary_control,0.08860100256563226,0.12,116.74597385113914,51910.20648275469,227.83811464009855,False,False,full_time_morphology_kernel_trial_diagnostic_not_endpoint_validation,17.61,231.0,2.0,229.85745315937857,227.8154135971181,v_projection_accepted,v_v6,projection_kernel,edgeon_projection_vertical_warp,0.2586628509403413,0.0176889533665206,-934.5861004899344,227.8154135971181,,,,,,,,,,,,,,,,,,,,,,,,,,,,,
NGC5907,20.13,232.0,2.0,153.661250971089,232.47567979957643,235.34551917823083,,,,231.83783542983613,,,,,,,,,True,ngc5907_projection_accepted_endpoint_preliminary_control,0.23018219696480186,0.12,116.74597385113914,51804.86355198948,227.60681789434489,False,False,full_time_morphology_kernel_trial_diagnostic_not_endpoint_validation,20.13,232.0,2.0,232.47567979957643,227.54777675741337,v_projection_accepted,v_v6,projection_kernel,edgeon_projection_vertical_warp,0.6133650156013284,0.041945664474755,-2266.9509910335473,227.54777675741337,,,,,,,,,,,,,,,,,,,,,,,,,,,,,
NGC5907,22.65,225.0,7.0,150.19248017127887,234.0745129315577,237.0938666139261,,,,233.50968147496476,,,,,,,,,True,ngc5907_projection_accepted_endpoint_preliminary_control,0.38257227678304856,0.12,116.74597385113914,51319.05175533484,226.53708693133413,False,False,full_time_morphology_kernel_trial_diagnostic_not_endpoint_validation,22.65,225.0,7.0,234.0745129315577,226.43848608907751,v_projection_accepted,v_v6,projection_kernel,edgeon_projection_vertical_warp,0.9384972540917405,0.0641802025373384,-3516.4896218326103,226.43848608907751,,,,,,,,,,,,,,,,,,,,,,,,,,,,,
NGC5907,25.16,224.0,7.0,141.6895341936023,229.93289266420095,233.3132426168066,,,,229.41899867124795,,,,,,,,,True,ngc5907_projection_accepted_endpoint_preliminary_control,0.44662345477157406,0.12,116.74597385113914,49305.76065913782,222.04900508477363,False,False,full_time_morphology_kernel_trial_diagnostic_not_endpoint_validation,25.16,224.0,7.0,229.93289266420095,221.93156415653397,v_projection_accepted,v_v6,projection_kernel,edgeon_projection_vertical_warp,1.0,0.0683861377937124,-3615.5159599612016,221.93156415653397,,,,,,,,,,,,,,,,,,,,,,,,,,,,,
NGC5907,27.68,229.0,2.0,137.05893057367695,229.0819380720924,232.9499906637435,,,,228.61894210040316,,,,,,,,,True,ngc5907_projection_accepted_endpoint_preliminary_control,0.493075825570228,0.12,116.74597385113914,48947.29468697425,221.2403550145729,False,False,full_time_morphology_kernel_trial_diagnostic_not_endpoint_validation,27.68,229.0,2.0,229.0819380720924,221.11022154015313,v_projection_accepted,v_v6,projection_kernel,edgeon_projection_vertical_warp,1.0,0.0683861377937124,-3588.804281330391,221.11022154015313,,,,,,,,,,,,,,,,,,,,,,,,,,,,,
NGC5907,30.2,218.0,2.0,135.9406033898629,231.5275966238275,235.85693328859335,,,,231.1137624090719,,,,,,,,,True,ngc5907_projection_accepted_endpoint_preliminary_control,0.5463230208673184,0.12,116.74597385113914,50002.96818037943,223.61343470457993,False,False,full_time_morphology_kernel_trial_diagnostic_not_endpoint_validation,30.2,218.0,2.0,231.5275966238275,223.47077474978911,v_projection_accepted,v_v6,projection_kernel,edgeon_projection_vertical_warp,1.0,0.0683861377937124,-3665.840831134789,223.47077474978911,,,,,,,,,,,,,,,,,,,,,,,,,,,,,
NGC5907,32.71,214.0,2.0,130.19747635803083,228.5058717009564,233.6092326334268,,,,228.1242732937413,,,,,,,,,True,ngc5907_projection_accepted_endpoint_preliminary_control,0.6050311245234237,0.12,116.74597385113914,48714.79071915071,220.71427393612473,False,False,full_time_morphology_kernel_trial_diagnostic_not_endpoint_validation,32.71,214.0,2.0,228.5058717009564,220.55420143653572,v_projection_accepted,v_v6,projection_kernel,edgeon_projection_vertical_warp,1.0,0.0683861377937124,-3570.777630505967,220.55420143653572,,,,,,,,,,,,,,,,,,,,,,,,,,,,,
NGC5907,35.23,213.0,2.0,127.72858744227932,228.7414341844729,234.53349162577376,,,,228.39222343896384,,,,,,,,,True,ngc5907_projection_accepted_endpoint_preliminary_control,0.6681152335954904,0.12,116.74597385113914,48822.49995368766,220.95814072735055,False,False,full_time_morphology_kernel_trial_diagnostic_not_endpoint_validation,35.23,213.0,2.0,228.7414341844729,220.78156669001325,v_projection_accepted,v_v6,projection_kernel,edgeon_projection_vertical_warp,1.0,0.0683861377937124,-3578.143522672777,220.78156669001325,,,,,,,,,,,,,,,,,,,,,,,,,,,,,
NGC5907,37.75,211.0,2.0,122.46015086549582,225.36401527865476,232.1484879706559,,,,225.03715593301428,,,,,,,,,True,ngc5907_projection_accepted_endpoint_preliminary_control,0.7333875161602317,0.12,116.74597385113914,47401.30001529278,217.71839613430183,False,False,full_time_morphology_kernel_trial_diagnostic_not_endpoint_validation,37.75,211.0,2.0,225.36401527865476,217.5216770244023,v_projection_accepted,v_v6,projection_kernel,edgeon_projection_vertical_warp,1.0,0.0683861377937124,-3473.259407009362,217.5216770244023,,,,,,,,,,,,,,,,,,,,,,,,,,,,,
NGC5907,40.26,217.0,2.0,119.73971897411484,224.63462986524263,232.27847877443844,,,,224.33030900151675,,,,,,,,,True,ngc5907_projection_accepted_endpoint_preliminary_control,0.7982665706087089,0.12,116.74597385113914,47103.09780140754,217.0324809824731,False,False,full_time_morphology_kernel_trial_diagnostic_not_endpoint_validation,40.26,217.0,2.0,224.63462986524263,216.81767315703075,v_projection_accepted,v_v6,projection_kernel,edgeon_projection_vertical_warp,1.0,0.0683861377937124,-3450.8135414655408,216.81767315703075,,,,,,,,,,,,,,,,,,,,,,,,,,,,,
NGC5907,42.78,216.0,3.0,115.40623055104088,221.6291435522813,230.37298317156615,,,,221.34141531207968,,,,,,,,,True,ngc5907_projection_accepted_endpoint_preliminary_control,0.8606246538747819,0.12,116.74597385113914,45860.86039399583,214.1514893574075,False,False,full_time_morphology_kernel_trial_diagnostic_not_endpoint_validation,42.78,216.0,3.0,221.6291435522813,213.9167733738028,v_projection_accepted,v_v6,projection_kernel,edgeon_projection_vertical_warp,1.0,0.0683861377937124,-3359.091341058811,213.9167733738028,,,,,,,,,,,,,,,,,,,,,,,,,,,,,
NGC5907,45.29,215.0,3.0,112.60664345410532,220.23728973669077,229.97373377607803,,,,219.96581667430817,,,,,,,,,True,ngc5907_projection_accepted_endpoint_preliminary_control,0.9170392037411674,0.12,116.74597385113914,45294.49148107194,212.82502550469,False,False,full_time_morphology_kernel_trial_diagnostic_not_endpoint_validation,45.29,215.0,3.0,220.23728973669077,212.57335403613385,v_projection_accepted,v_v6,projection_kernel,edgeon_projection_vertical_warp,1.0,0.0683861377937124,-3317.032944391583,212.57335403613385,,,,,,,,,,,,,,,,,,,,,,,,,,,,,
NGC5907,47.81,217.0,5.0,109.9054944031462,218.745683309751,229.51115795182355,,,,218.48838787586004,,,,,,,,,True,ngc5907_projection_accepted_endpoint_preliminary_control,0.9647401256367171,0.12,116.74597385113914,44690.04909486308,211.40021072568277,False,False,full_time_morphology_kernel_trial_diagnostic_not_endpoint_validation,47.81,217.0,5.0,218.745683309751,211.1336533321544,v_projection_accepted,v_v6,projection_kernel,edgeon_projection_vertical_warp,1.0,0.0683861377937124,-3272.254397267534,211.1336533321544,,,,,,,,,,,,,,,,,,,,,,,,,,,,,
NGC5907,50.33,214.0,5.0,109.03524246774523,219.49054012344249,231.05972266187916,,,,219.24824485378207,,,,,,,,,True,ngc5907_projection_accepted_endpoint_preliminary_control,1.0,0.12,116.74597385113914,44998.26595579747,212.1279471352077,False,False,full_time_morphology_kernel_trial_diagnostic_not_endpoint_validation,50.33,214.0,5.0,219.49054012344249,211.85259021769437,v_projection_accepted,v_v6,projection_kernel,edgeon_projection_vertical_warp,1.0,0.0683861377937124,-3294.57722173418,211.85259021769437,,,,,,,,,,,,,,,,,,,,,,,,,,,,,
NGC7331,2.67,221.0,20.0,251.97887713060393,265.1063502896858,268.68016137678785,,,264.5561224375929,,,,,,,,,,True,ngc7331_expdisk_vertical_outer_warp_mixed_accepted_endpoint_preliminary_control,0.0,0.1,127.13358582868196,69989.94191921463,264.5561224375929,False,False,full_time_morphology_kernel_trial_diagnostic_not_endpoint_validation,2.67,221.0,20.0,264.5561224375929,264.5561224375929,v_mixed_population,v_K_exponential_disk,mixed_kernel,vertical_outer_warp_overlay,,,,,0.0,0.0,264.5561224375929,True,,,,,,,,,,,,,,,,,,,,,,,,,
NGC7331,3.21,237.0,13.0,264.4347516496272,279.37949567561077,283.3354109425094,,,278.7012037401586,,,,,,,,,,True,ngc7331_expdisk_vertical_outer_warp_mixed_accepted_endpoint_preliminary_control,0.0,0.1,127.13358582868196,77674.36096621338,278.7012037401586,False,False,full_time_morphology_kernel_trial_diagnostic_not_endpoint_validation,3.21,237.0,13.0,278.7012037401586,278.7012037401586,v_mixed_population,v_K_exponential_disk,mixed_kernel,vertical_outer_warp_overlay,,,,,0.0,0.0,278.7012037401586,True,,,,,,,,,,,,,,,,,,,,,,,,,
NGC7331,3.74,249.0,8.0,275.6652313586173,292.27896660661895,296.57393052515783,,,291.4795850720429,,,,,,,,,,True,ngc7331_expdisk_vertical_outer_warp_mixed_accepted_endpoint_preliminary_control,0.0,0.1,127.13358582868196,84960.34851377028,291.4795850720429,False,False,full_time_morphology_kernel_trial_diagnostic_not_endpoint_validation,3.74,249.0,8.0,291.4795850720429,291.4795850720429,v_mixed_population,v_K_exponential_disk,mixed_kernel,vertical_outer_warp_overlay,,,,,0.0,0.0,291.4795850720429,True,,,,,,,,,,,,,,,,,,,,,,,,,
NGC7331,4.27,250.0,5.0,275.8196327856304,294.5692263182532,299.18902747990677,,,293.6240850440843,,,,,,,,,,True,ngc7331_expdisk_vertical_outer_warp_mixed_accepted_endpoint_preliminary_control,0.0,0.1,127.13358582868196,86215.10331797566,293.6240850440843,False,False,full_time_morphology_kernel_trial_diagnostic_not_endpoint_validation,4.27,250.0,5.0,293.6240850440843,293.6240850440843,v_mixed_population,v_K_exponential_disk,mixed_kernel,vertical_outer_warp_overlay,,,,,0.0,0.0,293.6240850440843,True,,,,,,,,,,,,,,,,,,,,,,,,,
NGC7331,4.81,253.0,5.0,273.4442633700696,294.476840639228,299.3825532452616,,,293.37628425625417,,,,,,,,,,True,ngc7331_expdisk_vertical_outer_warp_mixed_accepted_endpoint_preliminary_control,0.0,0.1,127.13358582868196,86069.64416400644,293.37628425625417,False,False,full_time_morphology_kernel_trial_diagnostic_not_endpoint_validation,4.81,253.0,5.0,293.37628425625417,293.37628425625417,v_mixed_population,v_K_exponential_disk,mixed_kernel,vertical_outer_warp_overlay,,,,,0.0,0.0,293.37628425625417,True,,,,,,,,,,,,,,,,,,,,,,,,,
NGC7331,5.35,257.0,5.0,274.51298426486136,297.5784078309312,302.7317801837498,,,296.33719902557476,,,,,,,,,,True,ngc7331_expdisk_vertical_outer_warp_mixed_accepted_endpoint_preliminary_control,0.0003240045110711404,0.1,127.13358582868196,87810.37010442172,296.328145987555,False,False,full_time_morphology_kernel_trial_diagnostic_not_endpoint_validation,5.35,257.0,5.0,296.33719902557476,296.3280764837622,v_mixed_population,v_K_exponential_disk,mixed_kernel,vertical_outer_warp_overlay,,,,,0.0001952020454222,6.156771020953473e-05,296.3280764837622,True,,,,,,,,,,,,,,,,,,,,,,,,,
NGC7331,5.88,257.0,5.0,269.34129562694244,294.7904266308157,300.1320321160266,,,293.3891475859498,,,,,,,,,,True,ngc7331_expdisk_vertical_outer_warp_mixed_accepted_endpoint_preliminary_control,0.002273642057758931,0.1,127.13358582868196,86043.5006929779,293.33172466164973,False,False,full_time_morphology_kernel_trial_diagnostic_not_endpoint_validation,5.88,257.0,5.0,293.3891475859498,293.33123194898667,v_mixed_population,v_K_exponential_disk,mixed_kernel,vertical_outer_warp_overlay,,,,,0.0012516136251732,0.0003947652536237,293.33123194898667,True,,,,,,,,,,,,,,,,,,,,,,,,,
NGC7331,6.41,257.0,5.0,265.180273078523,292.9437152227955,298.4314013474768,,,291.3877502934189,,,,,,,,,,True,ngc7331_expdisk_vertical_outer_warp_mixed_accepted_endpoint_preliminary_control,0.00606502075568448,0.1,127.13358582868196,84824.75813094505,291.2469023542483,False,False,full_time_morphology_kernel_trial_diagnostic_not_endpoint_validation,6.41,257.0,5.0,291.3877502934189,291.245578615553,v_mixed_population,v_K_exponential_disk,mixed_kernel,vertical_outer_warp_overlay,,,,,0.0030931230302618,0.0009755866131303,291.245578615553,True,,,,,,,,,,,,,,,,,,,,,,,,,
NGC7331,7.48,257.0,5.0,254.02275984643583,286.682263941798,292.3088850467704,,,284.8047695158391,,,,,,,,,,True,ngc7331_expdisk_vertical_outer_warp_mixed_accepted_endpoint_preliminary_control,0.019361298286489904,0.1,127.13358582868196,80893.46406444178,284.4177632716385,False,False,full_time_morphology_kernel_trial_diagnostic_not_endpoint_validation,7.48,257.0,5.0,284.8047695158391,284.41343602784366,v_mixed_population,v_K_exponential_disk,mixed_kernel,vertical_outer_warp_overlay,,,,,0.0087068816637546,0.0027461944158588,284.41343602784366,True,,,,,,,,,,,,,,,,,,,,,,,,,
NGC7331,8.55,255.0,5.0,238.60471041033537,276.58648775475706,282.10138021726743,,,274.36415812761106,,,,,,,,,,True,ngc7331_expdisk_vertical_outer_warp_mixed_accepted_endpoint_preliminary_control,0.039846385289655964,0.1,127.13358582868196,74895.9665611623,273.6712746364921,False,False,full_time_morphology_kernel_trial_diagnostic_not_endpoint_validation,8.55,255.0,5.0,274.36415812761106,273.66201919031096,v_mixed_population,v_K_exponential_disk,mixed_kernel,vertical_outer_warp_overlay,,,,,0.016206938018162,0.0051117500389289,273.66201919031096,True,,,,,,,,,,,,,,,,,,,,,,,,,
NGC7331,9.62,248.0,6.0,229.3329927201928,272.0314350972189,277.3849455878154,,,269.5161240790683,,,,,,,,,,True,ngc7331_expdisk_vertical_outer_warp_mixed_accepted_endpoint_preliminary_control,0.06680849012493854,0.1,127.13358582868196,72074.79946154439,268.4675016860409,False,False,full_time_morphology_kernel_trial_diagnostic_not_endpoint_validation,9.62,248.0,6.0,269.5161240790683,268.45168254013794,v_mixed_population,v_K_exponential_disk,mixed_kernel,vertical_outer_warp_overlay,,,,,0.0249942413262702,0.0078833098472631,268.45168254013794,True,,,,,,,,,,,,,,,,,,,,,,,,,
NGC7331,10.66,247.0,6.0,221.4913601475236,268.5630334204705,273.69520581173396,,,265.78880141338317,,,,,,,,,,True,ngc7331_expdisk_vertical_outer_warp_mixed_accepted_endpoint_preliminary_control,0.09840760311013742,0.1,127.13358582868196,69891.13352137366,264.3693127452081,False,False,full_time_morphology_kernel_trial_diagnostic_not_endpoint_validation,10.66,247.0,6.0,265.78880141338317,264.34564987893685,v_mixed_population,v_K_exponential_disk,mixed_kernel,vertical_outer_warp_overlay,,,,,0.0343364955799962,0.0108299039843945,264.34564987893685,True,,,,,,,,,,,,,,,,,,,,,,,,,
NGC7331,11.74,246.0,6.0,213.95827869002872,265.3823795937849,270.23757831730217,,,262.36389706594576,,,,,,,,,,True,ngc7331_expdisk_vertical_outer_warp_mixed_accepted_endpoint_preliminary_control,0.13594127411015078,0.1,127.13358582868196,67885.54528100809,260.54854687947903,False,False,full_time_morphology_kernel_trial_diagnostic_not_endpoint_validation,11.74,246.0,6.0,262.36389706594576,260.5153787770855,v_mixed_population,v_K_exponential_disk,mixed_kernel,vertical_outer_warp_overlay,,,,,0.0445193071416996,0.0140416141383182,260.5153787770855,True,,,,,,,,,,,,,,,,,,,,,,,,,
NGC7331,12.83,244.0,6.0,208.71575223255192,264.12481596053533,268.73539224142775,,,260.9057164550347,,,,,,,,,,True,ngc7331_expdisk_vertical_outer_warp_mixed_accepted_endpoint_preliminary_control,0.1777369902554727,0.1,127.13358582868196,66913.61326963372,258.6766577595159,False,False,full_time_morphology_kernel_trial_diagnostic_not_endpoint_validation,12.83,244.0,6.0,260.9057164550347,258.6329772645556,v_mixed_population,v_K_exponential_disk,mixed_kernel,vertical_outer_warp_overlay,,,,,0.0549960720114695,0.0173460386490358,258.6329772645556,True,,,,,,,,,,,,,,,,,,,,,,,,,
NGC7331,13.91,242.0,4.0,203.5184651819092,262.7214467049677,267.07473992008397,,,259.32597584800624,,,,,,,,,,True,ngc7331_expdisk_vertical_outer_warp_mixed_accepted_endpoint_preliminary_control,0.22206448175422883,0.1,127.13358582868196,65892.53153484197,256.6954061428485,False,False,full_time_morphology_kernel_trial_diagnostic_not_endpoint_validation,13.91,242.0,4.0,259.32597584800624,256.64040929088185,v_mixed_population,v_K_exponential_disk,mixed_kernel,vertical_outer_warp_overlay,,,,,0.065327591849448,0.0206046521437502,256.64040929088185,True,,,,,,,,,,,,,,,,,,,,,,,,,
NGC7331,15.0,238.0,3.0,197.96862685789384,260.8713114139759,264.9530276967796,,,257.3152977250659,,,,,,,,,,True,ngc7331_expdisk_vertical_outer_warp_mixed_accepted_endpoint_preliminary_control,0.26905267522342396,0.1,127.13358582868196,64668.807539353525,254.30062433929163,False,False,full_time_morphology_kernel_trial_diagnostic_not_endpoint_validation,15.0,238.0,3.0,257.3152977250659,254.2333611231531,v_mixed_population,v_K_exponential_disk,mixed_kernel,vertical_outer_warp_overlay,,,,,0.0754937155813161,0.023811098871929,254.2333611231531,True,,,,,,,,,,,,,,,,,,,,,,,,,
NGC7331,16.08,236.0,3.0,193.13934407572165,259.4737463623457,263.3176316000102,,,255.78643285554008,,,,,,,,,,True,ngc7331_expdisk_vertical_outer_warp_mixed_accepted_endpoint_preliminary_control,0.31878509273272015,0.1,127.13358582868196,63710.547959790936,252.40948468667128,False,False,full_time_morphology_kernel_trial_diagnostic_not_endpoint_validation,16.08,236.0,3.0,255.78643285554008,252.3291890920333,v_mixed_population,v_K_exponential_disk,mixed_kernel,vertical_outer_warp_overlay,,,,,0.0851273081924357,0.0268495825972157,252.3291890920333,True,,,,,,,,,,,,,,,,,,,,,,,,,
NGC7331,17.07,233.0,3.0,189.68860661621193,258.9337137263979,262.6049364917023,,,255.15517591866885,,,,,,,,,,True,ngc7331_expdisk_vertical_outer_warp_mixed_accepted_endpoint_preliminary_control,0.36721067300400945,0.1,127.13358582868196,63232.169980556704,251.4600763154197,False,False,full_time_morphology_kernel_trial_diagnostic_not_endpoint_validation,17.07,233.0,3.0,255.15517591866885,251.36723169686047,v_mixed_population,v_K_exponential_disk,mixed_kernel,vertical_outer_warp_overlay,,,,,0.0934382798889542,0.0294709050114563,251.36723169686047,True,,,,,,,,,,,,,,,,,,,,,,,,,
NGC7331,18.15,234.0,3.0,187.2646016202742,259.4239513684044,262.9644852255123,,,255.5812599387021,,,,,,,,,,True,ngc7331_expdisk_vertical_outer_warp_mixed_accepted_endpoint_preliminary_control,0.4228357127250939,0.1,127.13358582868196,63278.06569590433,251.55131821539783,False,False,full_time_morphology_kernel_trial_diagnostic_not_endpoint_validation,18.15,234.0,3.0,255.5812599387021,251.44444530657097,v_mixed_population,v_K_exponential_disk,mixed_kernel,vertical_outer_warp_overlay,,,,,0.1018050654449231,0.0321098313986311,251.44444530657097,True,,,,,,,,,,,,,,,,,,,,,,,,,
NGC7331,19.24,236.0,3.0,185.5578518414136,260.4672396415138,263.9138214660044,,,256.5871408901271,,,,,,,,,,True,ngc7331_expdisk_vertical_outer_warp_mixed_accepted_endpoint_preliminary_control,0.4813937433929669,0.1,127.13358582868196,63626.84066140978,252.24361371779025,False,False,full_time_morphology_kernel_trial_diagnostic_not_endpoint_validation,19.24,236.0,3.0,256.5871408901271,252.1222706319629,v_mixed_population,v_K_exponential_disk,mixed_kernel,vertical_outer_warp_overlay,,,,,0.1093805752957569,0.0344991854352487,252.1222706319629,True,,,,,,,,,,,,,,,,,,,,,,,,,
NGC7331,20.32,237.0,3.0,183.2082060662131,260.7767758904177,264.13119862656526,,,256.86567667529397,,,,,,,,,,True,ngc7331_expdisk_vertical_outer_warp_mixed_accepted_endpoint_preliminary_control,0.5409873470939199,0.1,127.13358582868196,63636.72414138921,252.2632040972072,False,False,full_time_morphology_kernel_trial_diagnostic_not_endpoint_validation,20.32,237.0,3.0,256.86567667529397,252.1268460122111,v_mixed_population,v_K_exponential_disk,mixed_kernel,vertical_outer_warp_overlay,,,,,0.1159049015265132,0.0365569908533159,252.1268460122111,True,,,,,,,,,,,,,,,,,,,,,,,,,
NGC7331,21.41,238.0,3.0,179.29356494308433,259.5270072666978,262.77851838726025,,,255.5759361747634,,,,,,,,,,True,ngc7331_expdisk_vertical_outer_warp_mixed_accepted_endpoint_preliminary_control,0.6015766818980983,0.1,127.13358582868196,62894.77687683739,250.78831088557018,False,False,full_time_morphology_kernel_trial_diagnostic_not_endpoint_validation,21.41,238.0,3.0,255.5759361747634,250.63578410936609,v_mixed_population,v_K_exponential_disk,mixed_kernel,vertical_outer_warp_overlay,,,,,0.1213847016364334,0.0382853474616905,250.63578410936609,True,,,,,,,,,,,,,,,,,,,,,,,,,
NGC7331,22.49,240.0,3.0,175.52189236673584,258.24555884763237,261.43089249178166,,,254.26747048134715,,,,,,,,,,True,ngc7331_expdisk_vertical_outer_warp_mixed_accepted_endpoint_preliminary_control,0.6605989705178109,0.1,127.13358582868196,62174.48308716474,249.3481162695334,False,False,full_time_morphology_kernel_trial_diagnostic_not_endpoint_validation,22.49,240.0,3.0,254.26747048134715,249.17965159949975,v_mixed_population,v_K_exponential_disk,mixed_kernel,vertical_outer_warp_overlay,,,,,0.1256131950721038,0.0396190356303116,249.17965159949975,True,,,,,,,,,,,,,,,,,,,,,,,,,
NGC7331,23.48,238.0,3.0,172.5171474085982,257.3796494231502,260.54087467943197,,,253.392111098232,,,,,,,,,,True,ngc7331_expdisk_vertical_outer_warp_mixed_accepted_endpoint_preliminary_control,0.7123170471114404,0.1,127.13358582868196,61698.7909182556,248.39241316565128,False,False,full_time_morphology_kernel_trial_diagnostic_not_endpoint_validation,23.48,238.0,3.0,253.392111098232,248.21005519077875,v_mixed_population,v_K_exponential_disk,mixed_kernel,vertical_outer_warp_overlay,,,,,0.1283531939693691,0.0404832451098607,248.21005519077875,True,,,,,,,,,,,,,,,,,,,,,,,,,
NGC7331,24.57,237.0,3.0,168.4120560411279,255.52989933574895,258.6915084812773,,,251.52817662359067,,,,,,,,,,True,ngc7331_expdisk_vertical_outer_warp_mixed_accepted_endpoint_preliminary_control,0.7646738614945329,0.1,127.13358582868196,60769.108800672635,246.51391198200687,False,False,full_time_morphology_kernel_trial_diagnostic_not_endpoint_validation,24.57,237.0,3.0,251.52817662359067,246.31665203690832,v_mixed_population,v_K_exponential_disk,mixed_kernel,vertical_outer_warp_overlay,,,,,0.1300220078911138,0.0410095974424163,246.31665203690832,True,,,,,,,,,,,,,,,,,,,,,,,,,
NGC7331,25.65,236.0,3.0,164.72852014754457,253.9254911642082,257.1309507134837,,,249.922828296996,,,,,,,,,,True,ngc7331_expdisk_vertical_outer_warp_mixed_accepted_endpoint_preliminary_control,0.8095311191521763,0.1,127.13358582868196,59999.48274601849,244.9479184357738,False,False,full_time_morphology_kernel_trial_diagnostic_not_endpoint_validation,25.65,236.0,3.0,249.922828296996,244.7377456625781,v_mixed_population,v_K_exponential_disk,mixed_kernel,vertical_outer_warp_overlay,,,,,0.1301914570368543,0.0410630425581047,244.7377456625781,True,,,,,,,,,,,,,,,,,,,,,,,,,
NGC7331,26.74,238.0,3.0,161.43043229205577,252.58432545770745,255.8728343893948,,,248.5937003042937,,,,,,,,,,True,ngc7331_expdisk_vertical_outer_warp_mixed_accepted_endpoint_preliminary_control,0.8451076582696065,0.1,127.13358582868196,59396.26502550644,243.713489625639,False,False,full_time_morphology_kernel_trial_diagnostic_not_endpoint_validation,26.74,238.0,3.0,248.5937003042937,243.4929638788344,v_mixed_population,v_K_exponential_disk,mixed_kernel,vertical_outer_warp_overlay,,,,,0.1287732339756474,0.0406157278475647,243.4929638788344,True,,,,,,,,,,,,,,,,,,,,,,,,,
NGC7331,27.82,239.0,3.0,158.04190346234128,251.00784490862353,254.41686762439204,,,247.0326199865136,,,,,,,,,,True,ngc7331_expdisk_vertical_outer_warp_mixed_accepted_endpoint_preliminary_control,0.8716207321001986,0.1,127.13358582868196,58706.26127747156,242.29374997608082,False,False,full_time_morphology_kernel_trial_diagnostic_not_endpoint_validation,27.82,239.0,3.0,247.0326199865136,242.06496856901256,v_mixed_population,v_K_exponential_disk,mixed_kernel,vertical_outer_warp_overlay,,,,,0.1262319782987417,0.0398142029826708,242.06496856901256,True,,,,,,,,,,,,,,,,,,,,,,,,,
NGC7331,28.91,239.0,3.0,154.49986090608624,249.16223896276333,252.73462264692577,,,245.2050197175342,,,,,,,,,,True,ngc7331_expdisk_vertical_outer_warp_mixed_accepted_endpoint_preliminary_control,0.8969196694015736,0.1,127.13358582868196,57892.24433758341,240.6080720540843,False,False,full_time_morphology_kernel_trial_diagnostic_not_endpoint_validation,28.91,239.0,3.0,245.2050197175342,240.37099601202328,v_mixed_population,v_K_exponential_disk,mixed_kernel,vertical_outer_warp_overlay,,,,,0.1237766294092712,0.0390397735520609,240.37099601202328,True,,,,,,,,,,,,,,,,,,,,,,,,,
NGC7331,29.89,241.0,4.0,151.3289849962657,247.4033997746116,251.15827457743197,,,243.4656726220928,,,,,,,,,,True,ngc7331_expdisk_vertical_outer_warp_mixed_accepted_endpoint_preliminary_control,0.9183218111565444,0.1,127.13358582868196,57117.00476247196,238.99164161633763,False,False,full_time_morphology_kernel_trial_diagnostic_not_endpoint_validation,29.89,241.0,4.0,243.4656726220928,238.7472622202712,v_mixed_population,v_K_exponential_disk,mixed_kernel,vertical_outer_warp_overlay,,,,,0.1216999661052153,0.0383847834661203,238.7472622202712,True,,,,,,,,,,,,,,,,,,,,,,,,,
NGC7331,30.98,236.0,4.0,148.00584289142105,245.53623013354235,249.5280639290484,,,241.6263660339642,,,,,,,,,,True,ngc7331_expdisk_vertical_outer_warp_mixed_accepted_endpoint_preliminary_control,0.9401586956698303,0.1,127.13358582868196,56301.8832985249,237.28017889938658,False,False,full_time_morphology_kernel_trial_diagnostic_not_endpoint_validation,30.98,236.0,4.0,241.6263660339642,237.02817881487505,v_mixed_population,v_K_exponential_disk,mixed_kernel,vertical_outer_warp_overlay,,,,,0.1195230190349712,0.0376981633742439,237.02817881487505,True,,,,,,,,,,,,,,,,,,,,,,,,,
NGC7331,32.06,236.0,5.0,145.2041479090732,244.0882120987203,248.33546495949247,,,240.21669190753389,,,,,,,,,,True,ngc7331_expdisk_vertical_outer_warp_mixed_accepted_endpoint_preliminary_control,0.9592574478805476,0.1,127.13358582868196,55687.635718313555,235.98227839885257,False,False,full_time_morphology_kernel_trial_diagnostic_not_endpoint_validation,32.06,236.0,5.0,240.21669190753389,235.72374059316053,v_mixed_population,v_K_exponential_disk,mixed_kernel,vertical_outer_warp_overlay,,,,,0.1174922746984016,0.0370576563623776,235.72374059316053,True,,,,,,,,,,,,,,,,,,,,,,,,,
NGC7331,33.15,239.0,5.0,142.88869958817597,243.07467207524104,247.58984297597772,,,239.25261060440525,,,,,,,,,,True,ngc7331_expdisk_vertical_outer_warp_mixed_accepted_endpoint_preliminary_control,0.9754510742894402,0.1,127.13358582868196,55279.47647846212,235.11587883097584,False,False,full_time_morphology_kernel_trial_diagnostic_not_endpoint_validation,33.15,239.0,5.0,239.25261060440525,234.85200421880003,v_mixed_population,v_K_exponential_disk,mixed_kernel,vertical_outer_warp_overlay,,,,,0.1155592458565006,0.0364479693106492,234.85200421880003,True,,,,,,,,,,,,,,,,,,,,,,,,,
NGC7331,34.23,237.0,5.0,140.66870540386728,242.06212359212375,246.86487862419972,,,238.2917829829204,,,,,,,,,,True,ngc7331_expdisk_vertical_outer_warp_mixed_accepted_endpoint_preliminary_control,0.9879234794992753,0.1,127.13358582868196,54871.353779991856,234.24635275707465,False,False,full_time_morphology_kernel_trial_diagnostic_not_endpoint_validation,34.23,237.0,5.0,238.2917829829204,233.9781090733036,v_mixed_population,v_K_exponential_disk,mixed_kernel,vertical_outer_warp_overlay,,,,,0.1137498413987362,0.0358772740135456,233.9781090733036,True,,,,,,,,,,,,,,,,,,,,,,,,,
NGC7331,35.32,241.0,7.0,138.31511551526103,240.8277231265214,245.95198539700797,,,237.1085652168852,,,,,,,,,,True,ngc7331_expdisk_vertical_outer_warp_mixed_accepted_endpoint_preliminary_control,0.9963754762112969,0.1,127.13358582868196,54360.747149317205,233.15391300451554,False,False,full_time_morphology_kernel_trial_diagnostic_not_endpoint_validation,35.32,241.0,7.0,237.1085652168852,232.88210399726876,v_mixed_population,v_K_exponential_disk,mixed_kernel,vertical_outer_warp_overlay,,,,,0.1120219172887033,0.0353322780293055,232.88210399726876,True,,,,,,,,,,,,,,,,,,,,,,,,,
NGC7331,36.31,238.0,9.0,135.51705269079608,238.8845531814265,244.36523782508323,,,235.20069816634515,,,,,,,,,,True,ngc7331_expdisk_vertical_outer_warp_mixed_accepted_endpoint_preliminary_control,1.0,0.1,127.13358582868196,53517.94749541003,231.33946376571816,False,False,full_time_morphology_kernel_trial_diagnostic_not_endpoint_validation,36.31,238.0,9.0,235.20069816634515,231.064523260455,v_mixed_population,v_K_exponential_disk,mixed_kernel,vertical_outer_warp_overlay,,,,,0.1105315009017884,0.0348621931795149,231.064523260455,True,,,,,,,,,,,,,,,,,,,,,,,,,
NGC4088,1.74,84.9,,96.9584818362994,115.17799165769352,117.44130195086554,116.15699874846632,115.36700865072412,114.12286545497965,114.77414623616257,,,,,,,,,True,ngc4088_warp_history_accepted_endpoint_preliminary_control,0.0,0.35,1953.9673156581264,9400.9472,96.9584818362994,False,False,full_time_morphology_kernel_trial_diagnostic_not_endpoint_validation,1.74,84.9,,96.9584818362994,96.9584818362994,v_warp_history_formula_freeze_km_s,vn,kernel_warp_history,warp_history_asymmetric_projection,,,,,,,,True,holdout,0.0781918474999724,1.74,0.2983326403051493,0.0,8795.111752245672,0.0,96.9584818362994,12.058481836299393,30.27799165769352,32.54130195086553,31.256998748466316,30.467008650724125,29.22286545497964,29.87414623616256,12.058481836299393,,,,,,,,,
NGC4088,3.5,136.0,,127.47013944449893,154.38204559171825,157.33782165524056,157.32187742257452,154.8191597352526,152.81890104710348,153.71711894249052,,,,,,,,,True,ngc4088_warp_history_accepted_endpoint_preliminary_control,0.0,0.35,1953.9673156581264,16248.636450000002,127.47013944449893,False,False,full_time_morphology_kernel_trial_diagnostic_not_endpoint_validation,3.5,136.0,,127.47013944449893,127.47013944449893,v_warp_history_formula_freeze_km_s,vn,kernel_warp_history,warp_history_asymmetric_projection,,,,,,,,True,holdout,0.1572824518677605,3.5,0.2983326403051493,0.0,8795.111752245672,0.0,127.47013944449893,-8.529860555501074,18.382045591718253,21.33782165524056,21.321877422574516,18.81915973525261,16.81890104710348,17.717118942490515,-8.529860555501074,,,,,,,,,
NGC4088,5.24,162.0,,171.20843495575795,202.51799266900144,206.5140908238078,207.5270918545913,203.0657880934521,201.0300479888688,201.85003223909544,,,,,,,,,True,ngc4088_warp_history_accepted_endpoint_preliminary_control,0.0,0.35,1953.9673156581264,29312.3282,171.20843495575795,False,False,full_time_morphology_kernel_trial_diagnostic_not_endpoint_validation,5.24,162.0,,171.20843495575795,171.20843495575795,v_warp_history_formula_freeze_km_s,vn,kernel_warp_history,warp_history_asymmetric_projection,,,,,,,,True,holdout,0.235474299367733,5.24,0.2983326403051493,0.0,8795.111752245672,0.0,171.20843495575795,9.208434955757951,40.51799266900144,44.514090823807805,45.527091854591305,41.06578809345211,39.0300479888688,39.85003223909544,9.208434955757951,,,,,,,,,
NGC4088,6.98,179.0,,189.42448284210784,226.41930653075633,230.83703463110368,234.3292884915923,227.0588600614378,225.0181481519837,225.76795310798053,,,,,,,,,True,ngc4088_warp_history_accepted_endpoint_preliminary_control,0.00769954745629628,0.35,1953.9673156581264,36088.878562039834,189.9707308035631,False,False,full_time_morphology_kernel_trial_diagnostic_not_endpoint_validation,6.98,179.0,,189.42448284210784,189.93112935473445,v_warp_history_formula_freeze_km_s,vn,kernel_warp_history,warp_history_asymmetric_projection,,,,,,,,True,holdout,0.3136661468677054,6.98,0.2983326403051493,0.0218529568900347,8795.111752245672,192.19919796486303,189.93112935473445,10.424482842107835,47.41930653075633,51.83703463110368,55.32928849159231,48.0588600614378,46.018148151983695,46.76795310798053,10.931129354734452,,,,,,,,,
NGC4088,8.72,182.0,,177.32038475595525,222.42097515571095,226.38794443510452,234.85978164086055,223.18234397424925,221.04002043480384,221.76265724004472,,,,,,,,,True,ngc4088_warp_history_accepted_endpoint_preliminary_control,0.054204650287349845,0.35,1953.9673156581264,32720.734810448186,180.88873599660147,False,False,full_time_morphology_kernel_trial_diagnostic_not_endpoint_validation,8.72,182.0,,177.32038475595525,180.5957383091584,v_warp_history_formula_freeze_km_s,vn,kernel_warp_history,warp_history_asymmetric_projection,,,,,,,,True,holdout,0.3918579943676778,8.72,0.2983326403051493,0.1332901591762825,8795.111752245672,1172.3018454300188,180.5957383091584,-4.679615244044754,40.42097515571095,44.387944435104515,52.85978164086055,41.18234397424925,39.04002043480384,39.76265724004472,-1.4042616908415937,,,,,,,,,
NGC4088,10.47,179.0,,169.962064296713,222.03399227198597,225.59386786491223,239.7900084307679,222.87446852773425,220.7548011361324,221.41215291017193,,,,,,,,,True,ngc4088_warp_history_accepted_endpoint_preliminary_control,0.11487428598557116,0.35,1953.9673156581264,31269.60116695656,176.83212707807527,False,False,full_time_morphology_kernel_trial_diagnostic_not_endpoint_validation,10.47,179.0,,169.962064296713,176.19631257983576,v_warp_history_formula_freeze_km_s,vn,kernel_warp_history,warp_history_asymmetric_projection,,,,,,,,True,holdout,0.4704992203015581,10.47,0.2983326403051493,0.2453678051538305,8795.111752245672,2158.037266731181,176.19631257983576,-9.03793570328699,43.033992271985966,46.59386786491223,60.7900084307679,43.87446852773425,41.754801136132414,42.412152910171926,-2.8036874201642377,,,,,,,,,
NGC4088,12.19,174.0,,163.9399321397932,222.10930118504243,225.32345364652272,241.36626642100475,223.0013336275078,220.952988630892,221.53858887413455,,,,,,,,,True,ngc4088_warp_history_accepted_endpoint_preliminary_control,0.1946546076460365,0.35,1953.9673156581264,30383.52445770693,174.30870448060514,False,False,full_time_morphology_kernel_trial_diagnostic_not_endpoint_validation,12.19,174.0,,163.9399321397932,173.21424801823989,v_warp_history_formula_freeze_km_s,vn,kernel_warp_history,warp_history_asymmetric_projection,,,,,,,,True,holdout,0.5477923109337147,12.19,0.2983326403051493,0.3555241200574776,8795.111752245672,3126.874366524323,173.21424801823989,-10.0600678602068,48.109301185042426,51.32345364652272,67.36626642100475,49.00133362750779,46.95298863089201,47.53858887413455,-0.7857519817601144,,,,,,,,,
NGC4088,13.94,171.0,,151.08550178624023,215.381726767486,218.14456220987327,232.79599997862,216.33666293872764,214.31737160011497,214.84992846160063,,,,,,,,,True,ngc4088_warp_history_accepted_endpoint_preliminary_control,0.3014575664171982,0.35,1953.9673156581264,27528.47686966252,165.9170782941362,False,False,full_time_morphology_kernel_trial_diagnostic_not_endpoint_validation,13.94,171.0,,151.08550178624023,164.13238144201003,v_warp_history_formula_freeze_km_s,vn,kernel_warp_history,warp_history_asymmetric_projection,,,,,,,,True,holdout,0.626433536867595,13.94,0.2983326403051493,0.4676017660350255,8795.111752245672,4112.609787825484,164.13238144201003,-19.91449821375977,44.381726767485986,47.14456220987327,61.79599997862002,45.33666293872764,43.31737160011497,43.849928461600655,-6.867618557989971,,,,,,,,,
NGC4088,15.68,168.0,,141.2326654850074,210.570287905297,213.15657813085653,226.44746394478813,211.568035689689,209.60128109145532,210.08142052473036,,,,,,,,,True,ngc4088_warp_history_accepted_endpoint_preliminary_control,0.43519980155007487,0.35,1953.9673156581264,25889.744423300395,160.90290371307907,False,False,full_time_morphology_kernel_trial_diagnostic_not_endpoint_validation,15.68,168.0,,141.2326654850074,158.23835892504272,v_warp_history_formula_freeze_km_s,vn,kernel_warp_history,warp_history_asymmetric_projection,,,,,,,,True,holdout,0.7046253843675674,15.68,0.2983326403051493,0.5790389683212732,8795.111752245672,5092.712435290639,158.23835892504272,-26.7673345149926,42.57028790529699,45.15657813085653,58.447463944788126,43.568035689689,41.60128109145532,42.08142052473036,-9.761641074957282,,,,,,,,,
NGC4088,17.42,165.0,,133.5799586390114,207.1220306994978,209.7649343684222,221.6868945770183,208.14666951284505,206.24380404380935,206.6755688695879,,,,,,,,,True,ngc4088_warp_history_accepted_endpoint_preliminary_control,0.5937311506524169,0.35,1953.9673156581264,25076.551695418708,158.35577569327464,False,False,full_time_morphology_kernel_trial_diagnostic_not_endpoint_validation,17.42,165.0,,133.5799586390114,154.64934669359516,v_warp_history_formula_freeze_km_s,vn,kernel_warp_history,warp_history_asymmetric_projection,,,,,,,,True,holdout,0.7828172318675399,17.42,0.2983326403051493,0.6904761706075212,8795.111752245672,6072.815082755797,154.64934669359516,-31.42004136098859,42.1220306994978,44.76493436842219,56.68689457701831,43.14666951284502,41.24380404380935,41.67556886958789,-10.350653306404835,,,,,,,,,
NGC4088,19.28,171.0,,126.40514981597862,203.71557098320503,206.6286972418807,217.12450570003196,204.75928411160552,202.92176776767897,203.3094831266013,,,,,,,,,True,ngc4088_warp_history_accepted_endpoint_preliminary_control,0.7809472171209713,0.35,1953.9673156581264,24624.71825376158,156.92265054402307,False,False,full_time_morphology_kernel_trial_diagnostic_not_endpoint_validation,19.28,171.0,,126.40514981597862,151.98280467294,v_warp_history_formula_freeze_km_s,vn,kernel_warp_history,warp_history_asymmetric_projection,,,,,,,,True,holdout,0.866401620574407,19.28,0.2983326403051493,0.809598697189372,8795.111752245672,7120.511016253031,151.98280467294,-44.59485018402138,32.715570983205026,35.6286972418807,46.12450570003196,33.759284111605524,31.921767767678944,32.30948312660129,-19.01719532705999,,,,,,,,,
NGC4088,21.48,174.0,,118.91604265194836,199.86006002694677,203.33421260713777,212.1534776092801,200.91719504693745,199.14939595419193,199.49452304034685,,,,,,,,,True,ngc4088_warp_history_accepted_endpoint_preliminary_control,1.0,0.35,1953.9673156581264,24454.713775832624,156.38002997772006,False,False,full_time_morphology_kernel_trial_diagnostic_not_endpoint_validation,21.48,174.0,,118.91604265194836,150.00248817994486,v_warp_history_formula_freeze_km_s,vn,kernel_warp_history,warp_history_asymmetric_projection,,,,,,,,True,holdout,0.965264876034142,21.48,0.2983326403051493,0.9504963092754322,8795.111752245672,8359.72126017449,150.00248817994486,-55.08395734805164,25.86006002694677,29.334212607137772,38.15347760928009,26.917195046937422,25.14939595419193,25.49452304034685,-23.997511820055134,,,,,,,,,
NGC4183,0.87,47.1,8.2,27.802927903370175,44.24164226592121,44.84621149985467,,,43.44625928236274,,,,,,,,,,True,ngc4183_weak_projection_null_control_accepted_endpoint_preliminary_control,0.0,0.03,7.158900844722235,1885.0298928533948,43.416930946963475,False,False,full_time_morphology_kernel_trial_diagnostic_not_endpoint_validation,0.87,47.1,8.2,43.44625928236274,43.416930946963475,v_null_control_interval_midpoint_km_s,v_K_exponential_disk,x_R_over_RHI,weak_projection_null_control,,,,,,,,True,,0.0544779542911274,,,,,,,,,,,,,,,0.997301628464004,1.0,43.38760261156421,43.44625928236274,43.416930946963475,N4183_WEAK_PROJECTION_NULL_CONTROL_BOUND,3.6537407176372625,False,False
NGC4183,1.74,65.9,6.6,34.97359861381153,58.08188723654125,59.031180368736095,,,56.35502078228571,,,,,,,,,,True,ngc4183_weak_projection_null_control_accepted_endpoint_preliminary_control,0.011180262342641726,0.03,7.158900844722235,3171.6820951529694,56.317689007566436,False,False,full_time_morphology_kernel_trial_diagnostic_not_endpoint_validation,1.74,65.9,6.6,56.35502078228571,56.31697840583637,v_null_control_interval_midpoint_km_s,v_K_exponential_disk,x_R_over_RHI,weak_projection_null_control,,,,,,,,True,,0.1089559085822549,,,,,,,,,,,,,,,0.997301628464004,1.0,56.27893602938703,56.35502078228571,56.31697840583637,N4183_WEAK_PROJECTION_NULL_CONTROL_BOUND,9.544979217714292,False,False
NGC4183,2.61,76.1,5.6,41.836754773763225,70.07820722513291,71.27491299891336,,,67.58991402880652,,,,,,,,,,True,ngc4183_weak_projection_null_control_accepted_endpoint_preliminary_control,0.023716917953779684,0.03,7.158900844722235,4562.40056819894,67.54554439930838,False,False,full_time_morphology_kernel_trial_diagnostic_not_endpoint_validation,2.61,76.1,5.6,67.58991402880652,67.54428755368559,v_null_control_interval_midpoint_km_s,v_K_exponential_disk,x_R_over_RHI,weak_projection_null_control,,,,,,,,True,,0.1634338628733824,,,,,,,,,,,,,,,0.997301628464004,1.0,67.49866107856467,67.58991402880652,67.54428755368559,N4183_WEAK_PROJECTION_NULL_CONTROL_BOUND,8.510085971193476,False,False
NGC4183,3.5,85.7,5.6,44.302822144870184,76.6560505679796,78.22704699338539,,,73.38571017208766,,,,,,,,,,True,ngc4183_weak_projection_null_control_accepted_endpoint_preliminary_control,0.03910110567931061,0.03,7.158900844722235,5378.473934993933,73.33807970620674,False,False,full_time_morphology_kernel_trial_diagnostic_not_endpoint_validation,3.5,85.7,5.6,73.38571017208766,73.33617125304167,v_null_control_interval_midpoint_km_s,v_K_exponential_disk,x_R_over_RHI,weak_projection_null_control,,,,,,,,True,,0.2191641839298231,,,,,,,,,,,,,,,0.997301628464004,1.0,73.28663233399568,73.38571017208766,73.33617125304167,N4183_WEAK_PROJECTION_NULL_CONTROL_BOUND,12.314289827912347,False,False
NGC4183,4.37,96.6,5.2,49.59778523281055,85.75894892712192,87.50936093111638,,,82.02510543155684,,,,,,,,,,True,ngc4183_weak_projection_null_control_accepted_endpoint_preliminary_control,0.05631947255158577,0.03,7.158900844722235,6719.440559693191,81.97219382018021,False,False,full_time_morphology_kernel_trial_diagnostic_not_endpoint_validation,4.37,96.6,5.2,82.02510543155684,81.96973450105574,v_null_control_interval_midpoint_km_s,v_K_exponential_disk,x_R_over_RHI,weak_projection_null_control,,,,,,,,True,,0.2736421382209506,,,,,,,,,,,,,,,0.997301628464004,1.0,81.91436357055464,82.02510543155684,81.96973450105574,N4183_WEAK_PROJECTION_NULL_CONTROL_BOUND,14.574894568443156,False,False
NGC4183,5.24,99.3,5.2,53.74949813719195,93.28716897533803,95.23430936602554,,,89.18293973895635,,,,,,,,,,True,ngc4183_weak_projection_null_control_accepted_endpoint_preliminary_control,0.07545970884532549,0.03,7.158900844722235,7943.4024451499645,89.12576757116858,False,False,full_time_morphology_kernel_trial_diagnostic_not_endpoint_validation,5.24,99.3,5.2,89.18293973895635,89.12273692260898,v_null_control_interval_midpoint_km_s,v_K_exponential_disk,x_R_over_RHI,weak_projection_null_control,,,,,,,,True,,0.3281200925120781,,,,,,,,,,,,,,,0.997301628464004,1.0,89.06253410626161,89.18293973895635,89.12273692260898,N4183_WEAK_PROJECTION_NULL_CONTROL_BOUND,10.117060261043648,False,False
NGC4183,6.11,103.0,5.2,57.127591407305104,99.71875572049385,101.87312285155043,,,95.33034399491292,,,,,,,,,,True,ngc4183_weak_projection_null_control_accepted_endpoint_preliminary_control,0.09634961274451224,0.03,7.158900844722235,9076.298871335599,95.269611478874,False,False,full_time_morphology_kernel_trial_diagnostic_not_endpoint_validation,6.11,103.0,5.2,95.33034399491292,95.2659913820852,v_null_control_interval_midpoint_km_s,v_K_exponential_disk,x_R_over_RHI,weak_projection_null_control,,,,,,,,True,,0.3825980468032056,,,,,,,,,,,,,,,0.997301628464004,1.0,95.2016387692575,95.33034399491292,95.2659913820852,N4183_WEAK_PROJECTION_NULL_CONTROL_BOUND,7.669656005087091,False,False
NGC4183,6.98,107.0,5.2,60.194885164771264,105.61397244102317,107.96829050341664,,,101.03068614902284,,,,,,,,,,True,ngc4183_weak_projection_null_control_accepted_endpoint_preliminary_control,0.11885546280484036,0.03,7.158900844722235,10194.274358535236,100.96669925542399,False,False,full_time_morphology_kernel_trial_diagnostic_not_endpoint_validation,6.98,107.0,5.2,101.03068614902284,100.9624855283494,v_null_control_interval_midpoint_km_s,v_K_exponential_disk,x_R_over_RHI,weak_projection_null_control,,,,,,,,True,,0.437076001094333,,,,,,,,,,,,,,,0.997301628464004,1.0,100.89428490767595,101.03068614902284,100.9624855283494,N4183_WEAK_PROJECTION_NULL_CONTROL_BOUND,5.969313850977173,False,False
NGC4183,7.85,111.0,5.2,63.66676801911653,111.81236359715469,114.31951113749952,,,107.14146654402144,,,,,,,,,,True,ngc4183_weak_projection_null_control_accepted_endpoint_preliminary_control,0.1428698167763321,0.03,7.158900844722235,11464.823713156205,107.07391705338983,False,False,full_time_morphology_kernel_trial_diagnostic_not_endpoint_validation,7.85,111.0,5.2,107.14146654402144,107.06914084975278,v_null_control_interval_midpoint_km_s,v_K_exponential_disk,x_R_over_RHI,weak_projection_null_control,,,,,,,,True,,0.4915539553854605,,,,,,,,,,,,,,,0.997301628464004,1.0,106.99681515548416,107.14146654402144,107.06914084975278,N4183_WEAK_PROJECTION_NULL_CONTROL_BOUND,3.8585334559785736,False,False
NGC4183,8.72,114.0,6.1,66.98037735038524,117.70863731001626,120.35860579729528,,,113.01195514447213,,,,,,,,,,True,ngc4183_weak_projection_null_control_accepted_endpoint_preliminary_control,0.16927106798532923,0.03,7.158900844722235,12755.67658184446,112.94103143607491,False,False,full_time_morphology_kernel_trial_diagnostic_not_endpoint_validation,8.72,114.0,6.1,113.01195514447213,112.93566658524168,v_null_control_interval_midpoint_km_s,v_K_exponential_disk,x_R_over_RHI,weak_projection_null_control,,,,,,,,True,,0.546031909676588,,,,,,,,,,,,,,,0.997301628464004,1.0,112.85937802601124,113.01195514447213,112.93566658524168,N4183_WEAK_PROJECTION_NULL_CONTROL_BOUND,0.9880448555278888,False,False
NGC4183,9.6,115.0,6.1,66.52535494080433,119.23236472406737,122.2668768554801,,,114.38916533883646,,,,,,,,,,True,ngc4183_weak_projection_null_control_accepted_endpoint_preliminary_control,0.2001343085747946,0.03,7.158900844722235,13068.653990509965,114.3182137304024,False,False,full_time_morphology_kernel_trial_diagnostic_not_endpoint_validation,9.6,115.0,6.1,114.38916533883646,114.31194709582743,v_null_control_interval_midpoint_km_s,v_K_exponential_disk,x_R_over_RHI,weak_projection_null_control,,,,,,,,True,,0.6011360473503721,,,,,,,,,,,,,,,0.997301628464004,1.0,114.2347288528184,114.38916533883646,114.31194709582743,N4183_WEAK_PROJECTION_NULL_CONTROL_BOUND,0.6108346611635369,False,False
NGC4183,10.47,111.0,5.6,64.98758496820759,119.27409788310212,122.80341482361852,,,114.27951241153866,,,,,,,,,,True,ngc4183_weak_projection_null_control_accepted_endpoint_preliminary_control,0.2353592366363715,0.03,7.158900844722235,13043.8658135468,114.20974482743055,False,False,full_time_morphology_kernel_trial_diagnostic_not_endpoint_validation,10.47,111.0,5.6,114.27951241153866,114.2023681895819,v_null_control_interval_midpoint_km_s,v_K_exponential_disk,x_R_over_RHI,weak_projection_null_control,,,,,,,,True,,0.6556140016414995,,,,,,,,,,,,,,,0.997301628464004,1.0,114.12522396762512,114.27951241153866,114.2023681895819,N4183_WEAK_PROJECTION_NULL_CONTROL_BOUND,3.125223967625132,False,False
NGC4183,11.35,110.0,5.6,65.26373073920921,121.3164298132474,125.20995875642042,,,116.3047035120952,,,,,,,,,,True,ngc4183_weak_projection_null_control_accepted_endpoint_preliminary_control,0.27623194499168097,0.03,7.158900844722235,13510.505267573428,116.23469906862334,False,False,full_time_morphology_kernel_trial_diagnostic_not_endpoint_validation,11.35,110.0,5.6,116.3047035120952,116.22619218777275,v_null_control_interval_midpoint_km_s,v_K_exponential_disk,x_R_over_RHI,weak_projection_null_control,,,,,,,,True,,0.7107181393152836,,,,,,,,,,,,,,,0.997301628464004,1.0,116.14768086345032,116.3047035120952,116.22619218777275,N4183_WEAK_PROJECTION_NULL_CONTROL_BOUND,6.147680863450319,False,False
NGC4183,12.31,111.0,5.2,62.214156347249464,119.27308849463624,123.92831830572958,,,114.1035943894306,,,,,,,,,,True,ngc4183_weak_projection_null_control_accepted_endpoint_preliminary_control,0.32720504993512883,0.03,7.158900844722235,13004.400848331858,114.03683987348938,False,False,full_time_morphology_kernel_trial_diagnostic_not_endpoint_validation,12.31,111.0,5.2,114.1035943894306,114.02656892068391,v_null_control_interval_midpoint_km_s,v_K_exponential_disk,x_R_over_RHI,weak_projection_null_control,,,,,,,,True,,0.7708317440503208,,,,,,,,,,,,,,,0.997301628464004,1.0,113.94954345193722,114.1035943894306,114.02656892068391,N4183_WEAK_PROJECTION_NULL_CONTROL_BOUND,2.949543451937217,False,False
NGC4183,13.12,109.0,4.8,59.742668587869424,117.42100252316592,122.77193155140536,,,112.142296747858,,,,,,,,,,True,ngc4183_weak_projection_null_control_accepted_endpoint_preliminary_control,0.3755145589716602,0.03,7.158900844722235,12561.610042485425,112.07858868885451,False,False,full_time_morphology_kernel_trial_diagnostic_not_endpoint_validation,13.12,109.0,4.8,112.142296747858,112.06659525028856,v_null_control_interval_midpoint_km_s,v_K_exponential_disk,x_R_over_RHI,weak_projection_null_control,,,,,,,,True,,0.8215525980455084,,,,,,,,,,,,,,,0.997301628464004,1.0,111.99089375271912,112.142296747858,112.06659525028856,N4183_WEAK_PROJECTION_NULL_CONTROL_BOUND,2.9908937527191313,False,False
NGC4183,14.05,108.0,4.4,58.09959509325344,116.62269645538808,122.6651791646458,,,111.31200896326894,,,,,,,,,,True,ngc4183_weak_projection_null_control_accepted_endpoint_preliminary_control,0.4368670326019325,0.03,7.158900844722235,12376.768279157868,111.25092484630349,False,False,full_time_morphology_kernel_trial_diagnostic_not_endpoint_validation,14.05,108.0,4.4,111.31200896326894,111.236867950285,v_null_control_interval_midpoint_km_s,v_K_exponential_disk,x_R_over_RHI,weak_projection_null_control,,,,,,,,True,,0.8797876526325759,,,,,,,,,,,,,,,0.997301628464004,1.0,111.16172693730104,111.31200896326894,111.236867950285,N4183_WEAK_PROJECTION_NULL_CONTROL_BOUND,3.161726937301026,False,False
NGC4183,14.98,109.0,5.2,57.55165418995357,117.14255538047044,123.7389246453567,,,111.89241863216976,,,,,,,,,,True,ngc4183_weak_projection_null_control_accepted_endpoint_preliminary_control,0.5041299683497512,0.03,7.158900844722235,12506.624969701632,111.83302271557196,False,False,full_time_morphology_kernel_trial_diagnostic_not_endpoint_validation,14.98,109.0,5.2,111.89241863216976,111.81688581446616,v_null_control_interval_midpoint_km_s,v_K_exponential_disk,x_R_over_RHI,weak_projection_null_control,,,,,,,,True,,0.9380227072196432,,,,,,,,,,,,,,,0.997301628464004,1.0,111.74135299676252,111.89241863216976,111.81688581446616,N4183_WEAK_PROJECTION_NULL_CONTROL_BOUND,2.7413529967625294,False,False
NGC4183,16.03,111.0,5.3,55.994676532684785,116.31329555058728,123.69145448732748,,,111.09444989366791,,,,,,,,,,True,ngc4183_weak_projection_null_control_accepted_endpoint_preliminary_control,0.5862651906177716,0.03,7.158900844722235,12329.516567978784,111.03835629177327,False,False,full_time_morphology_kernel_trial_diagnostic_not_endpoint_validation,16.03,111.0,5.3,111.09444989366791,111.01945574362378,v_null_control_interval_midpoint_km_s,v_K_exponential_disk,x_R_over_RHI,weak_projection_null_control,,,,,,,,True,,1.00377196239859,,,,,,,,,,,,,,,0.997301628464004,1.0,110.94446159357965,111.09444989366791,111.01945574362378,N4183_WEAK_PROJECTION_NULL_CONTROL_BOUND,0.0,True,False
NGC4183,16.95,110.0,4.9,53.99395660627215,114.53855048822388,122.73085354837328,,,109.31886288518048,,,,,,,,,,True,ngc4183_weak_projection_null_control_accepted_endpoint_preliminary_control,0.6624417583657051,0.03,7.158900844722235,11939.22709355613,109.26677030806817,False,False,full_time_morphology_kernel_trial_diagnostic_not_endpoint_validation,16.95,110.0,4.9,109.31886288518048,109.24506734261546,v_null_control_interval_midpoint_km_s,v_K_exponential_disk,x_R_over_RHI,weak_projection_null_control,,,,,,,,True,,1.0613808336030006,,,,,,,,,,,,,,,0.997301628464004,1.0,109.17127180005043,109.31886288518048,109.24506734261546,N4183_WEAK_PROJECTION_NULL_CONTROL_BOUND,0.6811371148195207,False,False
NGC4183,17.88,109.0,4.9,53.71007866313361,115.1197713172334,123.84433998866314,,,110.02764286044072,,,,,,,,,,True,ngc4183_weak_projection_null_control_accepted_endpoint_preliminary_control,0.7419099155726978,0.03,7.158900844722235,12095.05458251681,109.97751853227463,False,False,full_time_morphology_kernel_trial_diagnostic_not_endpoint_validation,17.88,109.0,4.9,110.02764286044072,109.95336885696368,v_null_control_interval_midpoint_km_s,v_K_exponential_disk,x_R_over_RHI,weak_projection_null_control,,,,,,,,True,,1.119615888190068,,,,,,,,,,,,,,,0.997301628464004,1.0,109.87909485348668,110.02764286044072,109.95336885696368,N4183_WEAK_PROJECTION_NULL_CONTROL_BOUND,0.8790948534866914,False,False
NGC4183,18.93,110.0,5.3,52.44490823712059,114.30701805878006,123.80702701720678,,,109.30519850317346,,,,,,,,,,True,ngc4183_weak_projection_null_control_accepted_endpoint_preliminary_control,0.8322178154815749,0.03,7.158900844722235,11937.459172692636,109.25868007939981,False,False,full_time_morphology_kernel_trial_diagnostic_not_endpoint_validation,18.93,110.0,5.3,109.30519850317346,109.23141218473005,v_null_control_interval_midpoint_km_s,v_K_exponential_disk,x_R_over_RHI,weak_projection_null_control,,,,,,,,True,,1.1853651433690149,,,,,,,,,,,,,,,0.997301628464004,1.0,109.1576258662866,109.30519850317346,109.23141218473005,N4183_WEAK_PROJECTION_NULL_CONTROL_BOUND,0.6948014968265426,False,False
NGC4183,19.97,112.0,10.2,50.88437972501974,112.91755823278508,123.255875118517,,,107.99110585764952,,,,,,,,,,True,ngc4183_weak_projection_null_control_accepted_endpoint_preliminary_control,0.9190550382929316,0.03,7.158900844722235,11652.918743011556,107.94868569376635,False,False,full_time_morphology_kernel_trial_diagnostic_not_endpoint_validation,19.97,112.0,10.2,107.99110585764952,107.91820661557333,v_null_control_interval_midpoint_km_s,v_K_exponential_disk,x_R_over_RHI,weak_projection_null_control,,,,,,,,True,,1.2504882151653052,,,,,,,,,,,,,,,0.997301628464004,1.0,107.84530737349712,107.99110585764952,107.91820661557333,N4183_WEAK_PROJECTION_NULL_CONTROL_BOUND,4.008894142350471,False,False
NGC4183,21.02,113.0,11.5,49.931262251218925,112.35148952053764,123.41960317258348,,,107.54847660871803,,,,,,,,,,True,ngc4183_weak_projection_null_control_accepted_endpoint_preliminary_control,1.0,0.03,7.158900844722235,11558.222857824598,107.50917569130831,False,False,full_time_morphology_kernel_trial_diagnostic_not_endpoint_validation,21.02,113.0,11.5,107.54847660871803,107.47587616288538,v_null_control_interval_midpoint_km_s,v_K_exponential_disk,x_R_over_RHI,weak_projection_null_control,,,,,,,,True,,1.316237470344252,,,,,,,,,,,,,,,0.997301628464004,1.0,107.40327571705276,107.54847660871803,107.47587616288538,N4183_WEAK_PROJECTION_NULL_CONTROL_BOUND,5.451523391281967,False,False
